pa_id,nom,groupe,anciennete_ans,derniere_date
PA1008,Alain David,NI,0.0,Inconnue
PA1567,Jérôme Guedj,NI,0.0,Inconnue
PA1592,David Habib,NI,0.0,Inconnue
PA1630,Michel Herbillon,NI,0.0,Inconnue
PA1654,François Hollande,NI,0.0,Inconnue
PA227089,Valérie Létard,NI,0.0,Inconnue
PA266793,Jean-Yves Bony,NI,0.0,Inconnue
PA266797,Philippe Gosselin,NI,0.0,Inconnue
PA266808,Vincent Rolland,NI,0.0,Inconnue
PA267042,Yannick Favennec-Bécot,NI,0.0,Inconnue
PA267200,Sébastien Huyghe,NI,0.0,Inconnue
PA267285,Laurent Wauquiez,NI,0.0,Inconnue
PA267318,Jean-Carles Grelier,NI,0.0,Inconnue
PA267763,Jean-Pierre Bataille,NI,0.0,Inconnue
PA267780,Agnès Firmin Le Bodo,NI,0.0,Inconnue
PA267794,Michèle Tabarot,NI,0.0,Inconnue
PA2940,Dominique Voynet,NI,0.0,Inconnue
PA2952,Jean-Luc Warsmann,NI,0.0,Inconnue
PA309643,Véronique Besse,NI,0.0,Inconnue
PA330008,Xavier Breton,NI,0.0,Inconnue
PA330240,Éric Ciotti,NI,0.0,Inconnue
PA330909,Vincent Descoeur,NI,0.0,Inconnue
PA331582,Philippe Vigier,NI,0.0,Inconnue
PA331973,Pascale Got,NI,0.0,Inconnue
PA332228,Thierry Benoit,NI,0.0,Inconnue
PA332523,Marie-Christine Dalloz,NI,0.0,Inconnue
PA333285,Guillaume Garot,NI,0.0,Inconnue
PA335054,Marietta Karamanli,NI,0.0,Inconnue
PA335612,Jean-Paul Lecoq,NI,0.0,Inconnue
PA335758,Franck Riester,NI,0.0,Inconnue
PA335999,Delphine Batho,NI,0.0,Inconnue
PA340343,Hervé Saulignac,NI,0.0,Inconnue
PA341981,Marie Récalde,NI,0.0,Inconnue
PA342196,Claudia Rouaux,NI,0.0,Inconnue
PA342240,Jean-Luc Bourgeaux,NI,0.0,Inconnue
PA342384,Élisa Martin,NI,0.0,Inconnue
PA342415,Marie-Noëlle Battistel,NI,0.0,Inconnue
PA345722,Constance Le Grip,NI,0.0,Inconnue
PA346782,Philippe Juvin,NI,0.0,Inconnue
PA408578,Jean-Didier Berger,NI,0.0,Inconnue
PA569,Philippe Bonnecarrère,NI,0.0,Inconnue
PA588884,Clémentine Autain,NI,0.0,Inconnue
PA605694,Olivier Falorni,NI,0.0,Inconnue
PA605745,Nicolas Sansu,NI,0.0,Inconnue
PA605782,Laurent Marcangeli,NI,0.0,Inconnue
PA606507,Florent Boudié,NI,0.0,Inconnue
PA606545,Jean-Louis Roumégas,NI,0.0,Inconnue
PA606573,Fanny Dombre Coste,NI,0.0,Inconnue
PA606793,Laurent Baumel,NI,0.0,Inconnue
PA607090,Jean-Pierre Vigier,NI,0.0,Inconnue
PA607193,Sophie Errante,NI,0.0,Inconnue
PA607395,Stéphane Travert,NI,0.0,Inconnue
PA607553,Dominique Potier,NI,0.0,Inconnue
PA607619,Paul Molac,NI,0.0,Inconnue
PA608016,Véronique Louwagie,NI,0.0,Inconnue
PA608172,Christine Pirès Beaune,NI,0.0,Inconnue
PA608264,Colette Capdevielle,NI,0.0,Inconnue
PA608416,Patrick Hetzel,NI,0.0,Inconnue
PA608826,Virginie Duby-Muller,NI,0.0,Inconnue
PA609332,Olivier Faure,NI,0.0,Inconnue
PA610002,Eva Sas,NI,0.0,Inconnue
PA610654,Jean-Philippe Nilor,NI,0.0,Inconnue
PA610968,Pouria Amirshahi,NI,0.0,Inconnue
PA642695,Éric Bothorel,NI,0.0,Inconnue
PA642764,Joël Aviragnet,NI,0.0,Inconnue
PA642847,Thibault Bazin,NI,0.0,Inconnue
PA642868,Paul Christophe,NI,0.0,Inconnue
PA642935,Olivier Becht,NI,0.0,Inconnue
PA642988,Hervé de Lépinau,NI,0.0,Inconnue
PA643089,Jean-Louis Thiériot,NI,0.0,Inconnue
PA643143,Christian Baptiste,NI,0.0,Inconnue
PA643157,Philippe Naillet,NI,0.0,Inconnue
PA643175,Stella Dupont,NI,0.0,Inconnue
PA643184,Brigitte Klinkert,NI,0.0,Inconnue
PA643192,Chantal Jourdan,NI,0.0,Inconnue
PA677483,Stéphane Mazars,NI,0.0,Inconnue
PA687214,Sylvain Berrios,NI,0.0,Inconnue
PA695512,Guillaume Lepers,NI,0.0,Inconnue
PA712015,Julien Dive,NI,0.0,Inconnue
PA717161,Élisabeth Borne,NI,0.0,Inconnue
PA717379,Sylvain Maillard,NI,0.0,Inconnue
PA718674,Olga Givernet,NI,0.0,Inconnue
PA718784,Éric Pauget,NI,0.0,Inconnue
PA718838,Fabrice Brun,NI,0.0,Inconnue
PA718850,Pierre Cordier,NI,0.0,Inconnue
PA718884,Valérie Bazin-Malgras,NI,0.0,Inconnue
PA719024,Christophe Blanchet,NI,0.0,Inconnue
PA719032,Bertrand Bouyx,NI,0.0,Inconnue
PA719052,Loïc Kervran,NI,0.0,Inconnue
PA719080,Sandra Marsaud,NI,0.0,Inconnue
PA719118,François Cormier-Bouligeon,NI,0.0,Inconnue
PA719138,Michel Castellani,NI,0.0,Inconnue
PA719218,Hervé Berville,NI,0.0,Inconnue
PA719272,Frédérique Meunier,NI,0.0,Inconnue
PA719286,Paul-André Colombani,NI,0.0,Inconnue
PA719338,Graziella Melchior,NI,0.0,Inconnue
PA719372,Guillaume Kasbarian,NI,0.0,Inconnue
PA719388,Annaïg Le Meur,NI,0.0,Inconnue
PA719404,Didier Le Gac,NI,0.0,Inconnue
PA719412,Sandrine Le Feur,NI,0.0,Inconnue
PA719436,Nicolas Meizonnet,NI,0.0,Inconnue
PA719472,Jean-René Cazeneuve,NI,0.0,Inconnue
PA719512,Corinne Vignon,NI,0.0,Inconnue
PA719528,Jean-François Portarrieu,NI,0.0,Inconnue
PA719550,Liliana Tanguy,NI,0.0,Inconnue
PA719558,Erwan Balanant,NI,0.0,Inconnue
PA719578,Loïc Prud'homme,NI,0.0,Inconnue
PA719632,Sophie Panonacle,NI,0.0,Inconnue
PA719640,Sophie Mette,NI,0.0,Inconnue
PA719756,Christine Le Nabour,NI,0.0,Inconnue
PA719778,François Jolivet,NI,0.0,Inconnue
PA719798,Daniel Labaronne,NI,0.0,Inconnue
PA719822,Sabine Thillaye,NI,0.0,Inconnue
PA719890,Danielle Brulebois,NI,0.0,Inconnue
PA719914,Geneviève Darrieussecq,NI,0.0,Inconnue
PA719922,Lionel Causse,NI,0.0,Inconnue
PA719930,Boris Vallaud,NI,0.0,Inconnue
PA719938,Marc Fesneau,NI,0.0,Inconnue
PA719968,Sylvie Bonnet,NI,0.0,Inconnue
PA720022,Michel Lauzzana,NI,0.0,Inconnue
PA720038,Sandrine Josso,NI,0.0,Inconnue
PA720092,Richard Ramos,NI,0.0,Inconnue
PA720100,Aurélien Pradié,NI,0.0,Inconnue
PA720138,Laetitia Saint-Paul,NI,0.0,Inconnue
PA720146,Denis Masséglia,NI,0.0,Inconnue
PA720154,Nicole Dubré-Chirat,NI,0.0,Inconnue
PA720162,Philippe Bolo,NI,0.0,Inconnue
PA720190,Bertrand Sorre,NI,0.0,Inconnue
PA720230,Lise Magnier,NI,0.0,Inconnue
PA720256,Géraldine Bannier,NI,0.0,Inconnue
PA720334,Jimmy Pahun,NI,0.0,Inconnue
PA720342,Nicole Le Peih,NI,0.0,Inconnue
PA720354,Jean-Michel Jacques,NI,0.0,Inconnue
PA720362,Belkhir Belhaddad,NI,0.0,Inconnue
PA720370,Ludovic Mendes,NI,0.0,Inconnue
PA720386,Fabien Di Filippo,NI,0.0,Inconnue
PA720430,Ugo Bernalicis,NI,0.0,Inconnue
PA720446,Brigitte Liso,NI,0.0,Inconnue
PA720468,Sébastien Chenu,NI,0.0,Inconnue
PA720552,Isabelle Rauch,NI,0.0,Inconnue
PA720560,Perrine Goulet,NI,0.0,Inconnue
PA720614,Marine Le Pen,NI,0.0,Inconnue
PA720644,Jérôme Nury,NI,0.0,Inconnue
PA720668,Emmanuel Blairy,NI,0.0,Inconnue
PA720720,Josy Poueyto,NI,0.0,Inconnue
PA720728,Jean-Paul Mattei,NI,0.0,Inconnue
PA720822,Bruno Bilde,NI,0.0,Inconnue
PA720838,Soumya Bourouaha,NI,0.0,Inconnue
PA720846,Bastien Lachaud,NI,0.0,Inconnue
PA720892,Mathilde Panot,NI,0.0,Inconnue
PA720952,Aurélien Taché,NI,0.0,Inconnue
PA720960,Olivier Serva,NI,0.0,Inconnue
PA720976,Max Mathiasin,NI,0.0,Inconnue
PA720992,Jiovanny William,NI,0.0,Inconnue
PA721004,Amélia Lakrafi,NI,0.0,Inconnue
PA721024,Anne Genetet,NI,0.0,Inconnue
PA721062,Jean-Hugues Ratenon,NI,0.0,Inconnue
PA721110,Nicole Sanquer,NI,0.0,Inconnue
PA721158,Pieyre-Alexandre Anglade,NI,0.0,Inconnue
PA721182,Frédéric Petit,NI,0.0,Inconnue
PA721202,Éric Coquerel,NI,0.0,Inconnue
PA721210,Alexis Corbière,NI,0.0,Inconnue
PA721234,Maud Petit,NI,0.0,Inconnue
PA721270,Stéphane Peu,NI,0.0,Inconnue
PA721296,Guillaume Gouffier Valente,NI,0.0,Inconnue
PA721314,Raphaël Schellenberger,NI,0.0,Inconnue
PA721336,Blandine Brocard,NI,0.0,Inconnue
PA721410,Émilie Bonnivard,NI,0.0,Inconnue
PA721426,Véronique Riotton,NI,0.0,Inconnue
PA721458,Xavier Roseren,NI,0.0,Inconnue
PA721474,Stéphane Viry,NI,0.0,Inconnue
PA721486,Christophe Naegelen,NI,0.0,Inconnue
PA721584,Jean Terlier,NI,0.0,Inconnue
PA721750,Céline Calvez,NI,0.0,Inconnue
PA721764,Olivia Grégoire,NI,0.0,Inconnue
PA721816,Ian Boucard,NI,0.0,Inconnue
PA721844,Béatrice Piron,NI,0.0,Inconnue
PA721852,Marie Lebec,NI,0.0,Inconnue
PA721896,Elsa Faucillon,NI,0.0,Inconnue
PA721908,Yaël Braun-Pivet,NI,0.0,Inconnue
PA721916,Natalia Pouzyreff,NI,0.0,Inconnue
PA721932,Marie-France Lorho,NI,0.0,Inconnue
PA721960,Danièle Obono,NI,0.0,Inconnue
PA721984,Philippe Latombe,NI,0.0,Inconnue
PA722000,Stéphane Buchou,NI,0.0,Inconnue
PA722070,Pierre Henriet,NI,0.0,Inconnue
PA722102,Annie Vidal,NI,0.0,Inconnue
PA722134,Jean-Marie Fiévet,NI,0.0,Inconnue
PA722142,François Ruffin,NI,0.0,Inconnue
PA722150,Sacha Houlié,NI,0.0,Inconnue
PA722162,Nicolas Turquois,NI,0.0,Inconnue
PA722190,Gabriel Attal,NI,0.0,Inconnue
PA722252,Marie-Pierre Rixain,NI,0.0,Inconnue
PA722284,Bruno Fuchs,NI,0.0,Inconnue
PA722336,Vincent Thiébaut,NI,0.0,Inconnue
PA722358,Thomas Gassilloud,NI,0.0,Inconnue
PA722366,Jean-Luc Fugit,NI,0.0,Inconnue
PA722374,Cyrille Isaac-Sibille,NI,0.0,Inconnue
PA722382,Benjamin Dirx,NI,0.0,Inconnue
PA722390,Josiane Corneloup,NI,0.0,Inconnue
PA736201,Sophie Taillé-Polian,NI,0.0,Inconnue
PA757225,Mikaele Seo,NI,0.0,Inconnue
PA759832,Agnès Pannier-Runacher,NI,0.0,Inconnue
PA774954,Anne-Laure Blin,NI,0.0,Inconnue
PA774958,Gérard Leseul,NI,0.0,Inconnue
PA774960,Isabelle Santiago,NI,0.0,Inconnue
PA774962,Karine Lebon,NI,0.0,Inconnue
PA791812,Sophia Chikirou,NI,0.0,Inconnue
PA791824,Sarah Legrain,NI,0.0,Inconnue
PA793094,Nicolas Ray,NI,0.0,Inconnue
PA793102,Christian Girard,NI,0.0,Inconnue
PA793122,Romain Daubié,NI,0.0,Inconnue
PA793134,Jérôme Buisson,NI,0.0,Inconnue
PA793146,Nicolas Dragon,NI,0.0,Inconnue
PA793158,José Beaurain,NI,0.0,Inconnue
PA793166,Jocelyn Dessigny,NI,0.0,Inconnue
PA793174,Yannick Monnet,NI,0.0,Inconnue
PA793182,Jorys Bovet,NI,0.0,Inconnue
PA793218,Jordan Guitton,NI,0.0,Inconnue
PA793230,Angélique Ranc,NI,0.0,Inconnue
PA793238,Christophe Barthès,NI,0.0,Inconnue
PA793246,Frédéric Falcon,NI,0.0,Inconnue
PA793254,Julien Rancoule,NI,0.0,Inconnue
PA793262,Laurent Alexandre,NI,0.0,Inconnue
PA793270,Jean-François Rousset,NI,0.0,Inconnue
PA793290,Gisèle Lelouis,NI,0.0,Inconnue
PA793298,Lionel Tivoli,NI,0.0,Inconnue
PA793314,Alexandra Masson,NI,0.0,Inconnue
PA793322,Christelle D'Intorni,NI,0.0,Inconnue
PA793330,Bryan Masson,NI,0.0,Inconnue
PA793342,Alexandra Martin,NI,0.0,Inconnue
PA793354,Joëlle Mélin,NI,0.0,Inconnue
PA793362,José Gonzalez,NI,0.0,Inconnue
PA793374,Romain Baubry,NI,0.0,Inconnue
PA793382,Emmanuel Taché de la Pagerie,NI,0.0,Inconnue
PA793394,Arthur Delaporte,NI,0.0,Inconnue
PA793398,Jérémie Patrier-Leitus,NI,0.0,Inconnue
PA793432,Franck Allisio,NI,0.0,Inconnue
PA793444,Manuel Bompard,NI,0.0,Inconnue
PA793452,Hendrik Davi,NI,0.0,Inconnue
PA793464,Sébastien Delogu,NI,0.0,Inconnue
PA793508,Hubert Brigand,NI,0.0,Inconnue
PA793520,Mickaël Cosson,NI,0.0,Inconnue
PA793532,Murielle Lepvraud,NI,0.0,Inconnue
PA793548,Caroline Colombier,NI,0.0,Inconnue
PA793572,Christophe Plassard,NI,0.0,Inconnue
PA793592,Géraldine Grangier,NI,0.0,Inconnue
PA793608,Katiana Levavasseur,NI,0.0,Inconnue
PA793616,Kévin Mauvieux,NI,0.0,Inconnue
PA793624,Philippe Brun,NI,0.0,Inconnue
PA793632,Timothée Houssin,NI,0.0,Inconnue
PA793656,Lisette Pollet,NI,0.0,Inconnue
PA793664,Marie Pochon,NI,0.0,Inconnue
PA793672,Christine Loir,NI,0.0,Inconnue
PA793696,Serge Muller,NI,0.0,Inconnue
PA793708,Sébastien Peytavie,NI,0.0,Inconnue
PA793716,Laurent Croizier,NI,0.0,Inconnue
PA793736,Hadrien Clouet,NI,0.0,Inconnue
PA793744,Anne Stambach-Terrenoir,NI,0.0,Inconnue
PA793756,François Piquemal,NI,0.0,Inconnue
PA793772,Christophe Bex,NI,0.0,Inconnue
PA793780,Christine Arrighi,NI,0.0,Inconnue
PA793796,David Taupiac,NI,0.0,Inconnue
PA793816,Mélanie Thomin,NI,0.0,Inconnue
PA793832,Yoann Gillet,NI,0.0,Inconnue
PA793844,Pascale Bordes,NI,0.0,Inconnue
PA793852,Pierre Meurin,NI,0.0,Inconnue
PA793872,Nathalie Oziol,NI,0.0,Inconnue
PA793892,Stéphanie Galzy,NI,0.0,Inconnue
PA793904,Aurélien Lopez Liguori,NI,0.0,Inconnue
PA793912,Sylvain Carrière,NI,0.0,Inconnue
PA793928,Edwige Diaz,NI,0.0,Inconnue
PA793940,Thomas Cazenave,NI,0.0,Inconnue
PA793948,Nicolas Thierry,NI,0.0,Inconnue
PA793980,Charles Fournier,NI,0.0,Inconnue
PA793992,Henri Alfandari,NI,0.0,Inconnue
PA794008,Cyrielle Chatelain,NI,0.0,Inconnue
PA794022,Jérémie Iordanoff,NI,0.0,Inconnue
PA794030,Alexis Jolly,NI,0.0,Inconnue
PA794038,Yannick Neuder,NI,0.0,Inconnue
PA794058,Justine Gruet,NI,0.0,Inconnue
PA794082,Mathilde Hignet,NI,0.0,Inconnue
PA794094,Mickaël Bouloux,NI,0.0,Inconnue
PA794106,Andrée Taurinya,NI,0.0,Inconnue
PA794114,Emmanuel Mandon,NI,0.0,Inconnue
PA794118,Antoine Vermorel-Marques,NI,0.0,Inconnue
PA794130,Andy Kerbrat,NI,0.0,Inconnue
PA794138,Ségolène Amiot,NI,0.0,Inconnue
PA794146,Julie Laernoes,NI,0.0,Inconnue
PA794154,Jean-Claude Raux,NI,0.0,Inconnue
PA794166,Matthias Tavel,NI,0.0,Inconnue
PA794178,Jean-Pierre Taite,NI,0.0,Inconnue
PA794198,Roger Chudeau,NI,0.0,Inconnue
PA794206,Christophe Marion,NI,0.0,Inconnue
PA794234,François Gernigon,NI,0.0,Inconnue
PA794270,Anna Pic,NI,0.0,Inconnue
PA794278,Xavier Albertini,NI,0.0,Inconnue
PA794322,Thomas Ménagé,NI,0.0,Inconnue
PA794330,Anthony Brosse,NI,0.0,Inconnue
PA794354,Hélène Laporte,NI,0.0,Inconnue
PA794418,Florence Goulet,NI,0.0,Inconnue
PA794434,Christophe Bentz,NI,0.0,Inconnue
PA794442,Laurence Robert-Dehault,NI,0.0,Inconnue
PA794470,Félicie Gérard,NI,0.0,Inconnue
PA794478,David Guiraud,NI,0.0,Inconnue
PA794486,Violette Spillebout,NI,0.0,Inconnue
PA794494,Roger Vicot,NI,0.0,Inconnue
PA794502,Michaël Taverne,NI,0.0,Inconnue
PA794530,Matthieu Marchio,NI,0.0,Inconnue
PA794562,Philippe Ballard,NI,0.0,Inconnue
PA794570,Alexandre Sabatou,NI,0.0,Inconnue
PA794582,Kévin Pfeffer,NI,0.0,Inconnue
PA794590,Alexandre Loubet,NI,0.0,Inconnue
PA794598,Laurent Jacobelli,NI,0.0,Inconnue
PA794658,Philippe Fait,NI,0.0,Inconnue
PA794670,Caroline Parmentier,NI,0.0,Inconnue
PA794678,Thierry Frappé,NI,0.0,Inconnue
PA794686,Marianne Maximi,NI,0.0,Inconnue
PA794702,Delphine Lingemann,NI,0.0,Inconnue
PA794718,Christine Engrand,NI,0.0,Inconnue
PA794734,Michel Guiniot,NI,0.0,Inconnue
PA794762,Sandrine Dogor-Such,NI,0.0,Inconnue
PA794770,Michèle Martinez,NI,0.0,Inconnue
PA794778,Sandra Regol,NI,0.0,Inconnue
PA794786,Emmanuel Fernandes,NI,0.0,Inconnue
PA794798,Françoise Buffet,NI,0.0,Inconnue
PA794802,Charles Sitzenstuhl,NI,0.0,Inconnue
PA794810,Louise Morel,NI,0.0,Inconnue
PA794830,Hubert Ott,NI,0.0,Inconnue
PA794838,Didier Lemaire,NI,0.0,Inconnue
PA794854,Inaki Echaniz,NI,0.0,Inconnue
PA794870,Sylvie Ferrer,NI,0.0,Inconnue
PA794886,Sophie Blanc,NI,0.0,Inconnue
PA794894,Anaïs Sabatini,NI,0.0,Inconnue
PA794906,Gabriel Amard,NI,0.0,Inconnue
PA794938,Idir Boumertit,NI,0.0,Inconnue
PA794946,Antoine Villedieu,NI,0.0,Inconnue
PA794954,Emeric Salmon,NI,0.0,Inconnue
PA794982,Julie Delpech,NI,0.0,Inconnue
PA794994,Alexandre Portier,NI,0.0,Inconnue
PA795010,Marie-Charlotte Garin,NI,0.0,Inconnue
PA795026,Anne-Cécile Violland,NI,0.0,Inconnue
PA795046,Caroline Yadan,NI,0.0,Inconnue
PA795050,Astrid Panosyan-Bouvet,NI,0.0,Inconnue
PA795076,Sandrine Rousseau,NI,0.0,Inconnue
PA795084,Rodrigo Arenas,NI,0.0,Inconnue
PA795100,Éric Martineau,NI,0.0,Inconnue
PA795108,Élise Leboucher,NI,0.0,Inconnue
PA795136,Jean-François Coulomme,NI,0.0,Inconnue
PA795144,Antoine Armand,NI,0.0,Inconnue
PA795156,Fatiha Keloua Hachi,NI,0.0,Inconnue
PA795164,Aurélie Trouvé,NI,0.0,Inconnue
PA795176,Nicolas Metzdorf,NI,0.0,Inconnue
PA795200,Alma Dufour,NI,0.0,Inconnue
PA795228,Nadège Abomangoli,NI,0.0,Inconnue
PA795240,Mereana Reid Arbelot,NI,0.0,Inconnue
PA795244,Stéphane Lenormand,NI,0.0,Inconnue
PA795258,Frantz Gumbs,NI,0.0,Inconnue
PA795270,Marie-Agnès Poussier-Winsback,NI,0.0,Inconnue
PA795278,Béatrice Bellamy,NI,0.0,Inconnue
PA795298,Jérôme Legavre,NI,0.0,Inconnue
PA795310,Clémence Guetté,NI,0.0,Inconnue
PA795318,Louis Boyard,NI,0.0,Inconnue
PA795350,Frédéric Valletoux,NI,0.0,Inconnue
PA795362,Lisa Belluco,NI,0.0,Inconnue
PA795374,Pascal Lecamp,NI,0.0,Inconnue
PA795410,Béatrice Roullaud,NI,0.0,Inconnue
PA795422,Damien Maudet,NI,0.0,Inconnue
PA795430,Stéphane Delautrette,NI,0.0,Inconnue
PA795454,Karim Ben Cheikh,NI,0.0,Inconnue
PA795466,Ersilia Soudais,NI,0.0,Inconnue
PA795482,Manon Meunier,NI,0.0,Inconnue
PA795516,Maxime Laisney,NI,0.0,Inconnue
PA795528,Charles Rodwell,NI,0.0,Inconnue
PA795540,Daniel Grenon,NI,0.0,Inconnue
PA795552,Julien Odoul,NI,0.0,Inconnue
PA795588,Farida Amrani,NI,0.0,Inconnue
PA795596,Paul Vannier,NI,0.0,Inconnue
PA795616,Carlos Martens Bilongo,NI,0.0,Inconnue
PA795636,Benjamin Lucas-Lundy,NI,0.0,Inconnue
PA795644,Nathalie Da Conceicao Carvalho,NI,0.0,Inconnue
PA795664,Paul Midy,NI,0.0,Inconnue
PA795672,Arnaud Le Gall,NI,0.0,Inconnue
PA795722,Karl Olive,NI,0.0,Inconnue
PA795730,Bastien Marchive,NI,0.0,Inconnue
PA795746,Antoine Léaument,NI,0.0,Inconnue
PA795762,Elie Califer,NI,0.0,Inconnue
PA795778,Jean-Philippe Tanguy,NI,0.0,Inconnue
PA795786,Yaël Ménaché,NI,0.0,Inconnue
PA795808,Sabrina Sebaihi,NI,0.0,Inconnue
PA795820,Marcellin Nadeau,NI,0.0,Inconnue
PA795844,Karen Erodi,NI,0.0,Inconnue
PA795864,Pierre Cazeneuve,NI,0.0,Inconnue
PA795868,Jean-Victor Castor,NI,0.0,Inconnue
PA795876,Davy Rimane,NI,0.0,Inconnue
PA795884,Marc Ferracci,NI,0.0,Inconnue
PA795900,Marine Hamelet,NI,0.0,Inconnue
PA795908,Yannick Chenevard,NI,0.0,Inconnue
PA795912,Laure Lavalette,NI,0.0,Inconnue
PA795920,Prisca Thevenot,NI,0.0,Inconnue
PA795966,Stéphane Rambaud,NI,0.0,Inconnue
PA795974,Philippe Lottiaux,NI,0.0,Inconnue
PA795982,Aurélien Saintoul,NI,0.0,Inconnue
PA795998,Emeline K/Bidi,NI,0.0,Inconnue
PA796010,Frédéric Maillot,NI,0.0,Inconnue
PA796018,Danielle Simonnet,NI,0.0,Inconnue
PA796026,Julie Lechanteux,NI,0.0,Inconnue
PA796034,Frank Giletti,NI,0.0,Inconnue
PA796042,Frédéric Boccaletti,NI,0.0,Inconnue
PA796050,Philippe Schreck,NI,0.0,Inconnue
PA796062,Thomas Portes,NI,0.0,Inconnue
PA796070,Perceval Gaillard,NI,0.0,Inconnue
PA796078,Estelle Youssouffa,NI,0.0,Inconnue
PA796090,Aymeric Caron,NI,0.0,Inconnue
PA796106,Édouard Bénard,NI,0.0,Inconnue
PA796118,Bénédicte Auzanot,NI,0.0,Inconnue
PA817203,Laure Miller,NI,0.0,Inconnue
PA817211,René Pilato,NI,0.0,Inconnue
PA822617,Martine Froger,NI,0.0,Inconnue
PA826635,Aurélien Rousseau,NI,0.0,Inconnue
PA840075,Eddy Casterman,NI,0.0,Inconnue
PA840119,Sandra Delannoy,NI,0.0,Inconnue
PA840135,Alexandre Dufosset,NI,0.0,Inconnue
PA840143,Guillaume Florquin,NI,0.0,Inconnue
PA840159,Bruno Clavet,NI,0.0,Inconnue
PA840171,Emmanuel Grégoire,NI,0.0,Inconnue
PA840235,Moerani Frébault,NI,0.0,Inconnue
PA840657,Sophie Vaginay,NI,0.0,Inconnue
PA840665,Marie-José Allemand,NI,0.0,Inconnue
PA840673,Valérie Rossi,NI,0.0,Inconnue
PA840685,Vincent Trébuchet,NI,0.0,Inconnue
PA840701,Bernard Chaix,NI,0.0,Inconnue
PA840721,Marc Chavent,NI,0.0,Inconnue
PA840757,Monique Griseti,NI,0.0,Inconnue
PA840765,Laurent Lhardit,NI,0.0,Inconnue
PA840773,Olivier Fayssat,NI,0.0,Inconnue
PA840781,Romain Tonussi,NI,0.0,Inconnue
PA840793,Marc Pena,NI,0.0,Inconnue
PA840801,Emmanuel Fouquart,NI,0.0,Inconnue
PA840809,Gérault Verny,NI,0.0,Inconnue
PA840817,Joël Bruneau,NI,0.0,Inconnue
PA840829,Fabrice Barusseau,NI,0.0,Inconnue
PA840837,Pascal Markowsky,NI,0.0,Inconnue
PA840857,Nadine Lechon,NI,0.0,Inconnue
PA840869,Florence Joubert,NI,0.0,Inconnue
PA840889,Matthieu Bloch,NI,0.0,Inconnue
PA840903,Paul Christophle,NI,0.0,Inconnue
PA840915,Thibaut Monnier,NI,0.0,Inconnue
PA840939,Océane Godard,NI,0.0,Inconnue
PA840947,Catherine Hervieu,NI,0.0,Inconnue
PA840955,Pierre Pribetich,NI,0.0,Inconnue
PA840967,René Lioret,NI,0.0,Inconnue
PA840979,Corentin Le Fur,NI,0.0,Inconnue
PA840983,Bartolomé Lenoir,NI,0.0,Inconnue
PA840997,Benoît Biteau,NI,0.0,Inconnue
PA841017,Harold Huwart,NI,0.0,Inconnue
PA841023,Pierre-Yves Cadalen,NI,0.0,Inconnue
PA841047,François-Xavier Ceccoli,NI,0.0,Inconnue
PA841067,Alexandre Allegret-Pilot,NI,0.0,Inconnue
PA841075,Sylvie Josserand,NI,0.0,Inconnue
PA841091,Arnaud Simion,NI,0.0,Inconnue
PA841107,Jacques Oberti,NI,0.0,Inconnue
PA841131,Manon Bouquin,NI,0.0,Inconnue
PA841139,Julien Gabarron,NI,0.0,Inconnue
PA841183,Hanane Mansouri,NI,0.0,Inconnue
PA841191,Sandrine Nosbé,NI,0.0,Inconnue
PA841199,Thierry Perez,NI,0.0,Inconnue
PA841207,Charles Alloncle,NI,0.0,Inconnue
PA841215,Marie Mesmeur,NI,0.0,Inconnue
PA841223,Tristan Lahais,NI,0.0,Inconnue
PA841243,Sébastien Saint-Pasteur,NI,0.0,Inconnue
PA841251,Mathilde Feld,NI,0.0,Inconnue
PA841295,Pierrick Courbon,NI,0.0,Inconnue
PA841315,Karim Benbrahim,NI,0.0,Inconnue
PA841327,Fabrice Roussel,NI,0.0,Inconnue
PA841339,Jean-Michel Brard,NI,0.0,Inconnue
PA841351,Emmanuel Duplessy,NI,0.0,Inconnue
PA841359,Constance de Pélichy,NI,0.0,Inconnue
PA841367,Christophe Proença,NI,0.0,Inconnue
PA841381,Sophie Pantel,NI,0.0,Inconnue
PA841395,Maxime Michelet,NI,0.0,Inconnue
PA841419,Damien Girard,NI,0.0,Inconnue
PA841431,Nathalie Colin-Oesterlé,NI,0.0,Inconnue
PA841439,Pascal Jenft,NI,0.0,Inconnue
PA841451,Julien Guibert,NI,0.0,Inconnue
PA841463,Estelle Mercier,NI,0.0,Inconnue
PA841471,Stéphane Hablot,NI,0.0,Inconnue
PA841479,Frédéric Weber,NI,0.0,Inconnue
PA841487,Anthony Boulogne,NI,0.0,Inconnue
PA841495,Maxime Amblard,NI,0.0,Inconnue
PA841507,Nicolas Bonnet,NI,0.0,Inconnue
PA841515,Aurélien Le Coq,NI,0.0,Inconnue
PA841539,Julien Gokel,NI,0.0,Inconnue
PA841553,Thierry Tesson,NI,0.0,Inconnue
PA841563,Claire Marais-Beuil,NI,0.0,Inconnue
PA841575,Frédéric Pierre Vos,NI,0.0,Inconnue
PA841587,David Magnier,NI,0.0,Inconnue
PA841605,Antoine Golliot,NI,0.0,Inconnue
PA841613,Marc de Fleurian,NI,0.0,Inconnue
PA841621,Auguste Evrard,NI,0.0,Inconnue
PA841633,Peio Dufau,NI,0.0,Inconnue
PA841645,Théo Bernhardt,NI,0.0,Inconnue
PA841657,Anaïs Belouassa-Cherifi,NI,0.0,Inconnue
PA841665,Denis Fégné,NI,0.0,Inconnue
PA841681,Thierry Sother,NI,0.0,Inconnue
PA841701,Léa Balage El Mariky,NI,0.0,Inconnue
PA841713,Boris Tavernier,NI,0.0,Inconnue
PA841717,Sandrine Runel,NI,0.0,Inconnue
PA841729,Abdelkader Lahmar,NI,0.0,Inconnue
PA841737,Jonathan Gery,NI,0.0,Inconnue
PA841749,Tiffany Joncour,NI,0.0,Inconnue
PA841761,Aurélien Dutremble,NI,0.0,Inconnue
PA841769,Eric Michoux,NI,0.0,Inconnue
PA841813,Florence Herouin-Léautey,NI,0.0,Inconnue
PA841825,Patrice Martin,NI,0.0,Inconnue
PA841837,Robert Le Bourgeois,NI,0.0,Inconnue
PA841845,Arnaud Saint-Martin,NI,0.0,Inconnue
PA841853,Céline Hervieu,NI,0.0,Inconnue
PA841873,Julien Limongi,NI,0.0,Inconnue
PA841885,Arnaud Bonnet,NI,0.0,Inconnue
PA841893,Céline Thiébault-Martinez,NI,0.0,Inconnue
PA841919,Dieynaba Diop,NI,0.0,Inconnue
PA841931,Laurent Mazaury,NI,0.0,Inconnue
PA841947,Zahia Hamdane,NI,0.0,Inconnue
PA841955,Matthias Renault,NI,0.0,Inconnue
PA841981,Catherine Rimbert,NI,0.0,Inconnue
PA842001,Guillaume Bigot,NI,0.0,Inconnue
PA842013,Steevy Gustave,NI,0.0,Inconnue
PA842029,Claire Lejeune,NI,0.0,Inconnue
PA842037,Bérenger Cernon,NI,0.0,Inconnue
PA842045,Julie Ozenne,NI,0.0,Inconnue
PA842073,Gaëtan Dussausaye,NI,0.0,Inconnue
PA842085,Sébastien Humbert,NI,0.0,Inconnue
PA842097,Sophie-Laurence Roy,NI,0.0,Inconnue
PA842105,Raphaël Arnault,NI,0.0,Inconnue
PA842125,Thomas Lam,NI,0.0,Inconnue
PA842155,Aly Diouara,NI,0.0,Inconnue
PA842187,Gabrielle Cathala,NI,0.0,Inconnue
PA842195,Romain Eskenazi,NI,0.0,Inconnue
PA842211,Beatrice Bellay,NI,0.0,Inconnue
PA842227,Joseph Rivière,NI,0.0,Inconnue
PA842255,Anne Sicard,NI,0.0,Inconnue
PA842263,Ayda Hadizadeh,NI,0.0,Inconnue
PA842271,Emmanuel Maurel,NI,0.0,Inconnue
PA842279,Anchya Bamana,NI,0.0,Inconnue
PA842299,Emmanuel Tjibaou,NI,0.0,Inconnue
PA842311,Vincent Caure,NI,0.0,Inconnue
PA942,Charles de Courson,NI,0.0,Inconnue
